name;mean_daily_log_rr_16;yearly_rr_16;std_daily_log_rr_16;yearly_std_16;var16_5;var16_95;es16;eg16;mean_daily_log_rr_17;yearly_rr_17;std_daily_log_rr_17;yearly_std_17;var17_5;var17_95;es17;eg17
1001;0.001461434;0.315669709;0.007792172;1.690901396;NA;NA;NA;NA;0.000365402;0.090619666;0.006201428;1.544155594;-0.013377003;2.701336092;0.00174824;0.450661314
1002;6.23564E-05;0.015589109;0.000394192;0.098942271;NA;NA;NA;NA;0.000127236;0.031427397;0.000365931;0.090750828;-0.000435484;0.175276282;6.90197E-05;0.015130714
1003;-6.04681E-06;-0.001300065;0.000598671;0.12931288;NA;NA;NA;NA;4.47611E-05;0.011145503;0.000492909;0.123227342;-0.000677579;0.24631612;8.93197E-06;0.001723516
1004;NA;NA;NA;NA;NA;NA;NA;NA;0.000888573;0.045317211;0.017172162;0.892952411;-0.048654102;1.624626167;-0.032526785;0.273612707
1005;NA;NA;NA;NA;NA;NA;NA;NA;-4.32324E-05;-0.002204854;0.010647081;0.55364819;-0.027305829;1.011843246;0.002236425;0.129809141
1006;NA;NA;NA;NA;NA;NA;NA;NA;0.00071696;0.036564985;0.000581401;0.030232838;-0.000605459;0.056868387;0.000439026;0.017436093
1007;0.000125972;0.027209881;0.001603626;0.34798686;NA;NA;NA;NA;0.00010514;0.026179757;0.001327551;0.331887704;-0.002369591;0.626407373;0.000166868;0.033343026
1008;0.00048635;0.121587619;0.007232319;1.815312039;NA;NA;NA;NA;-2.68946E-05;-0.006669868;0.004814266;1.198752235;-0.0138444;2.326815087;0.000331865;0.101617953
1009;8.42861E-05;0.021071517;0.006895737;1.730829993;NA;NA;NA;NA;0.000123265;0.030569761;0.003022211;0.752530624;-0.013741203;1.902031855;-0.00037293;-0.023458475
1010;NA;NA;NA;NA;NA;NA;NA;NA;0.000221044;0.054818894;0.001671672;0.416246313;-0.002539746;0.746079405;1.17248E-05;0.005300309
1011;-2.04661E-05;-0.005116528;0.00115855;0.290795965;NA;NA;NA;NA;0.000130287;0.032311209;0.001185127;0.295096604;-0.001843839;0.547907015;-2.05131E-05;-0.003682816
1012;0.000120386;0.025762665;0.000410176;0.088187767;NA;NA;NA;NA;0.000138298;0.034297834;0.000478345;0.119108;-0.000660342;0.203424353;0.000128538;0.029761624
1013;0.000291418;0.072854577;0.008614515;2.162243355;NA;NA;NA;NA;0.000281189;0.069734843;0.006066447;1.510545357;-0.016722706;2.88208725;0.000178754;0.064594419
1014;NA;NA;NA;NA;NA;NA;NA;NA;0.000144328;0.010247316;0.000827333;0.059567945;NA;NA;NA;NA
1015;NA;NA;NA;NA;NA;NA;NA;NA;0.000186089;0.013212331;0.001020324;0.073463345;NA;NA;NA;NA
1016;NA;NA;NA;NA;NA;NA;NA;NA;0.000120609;0.008563231;0.000432894;0.031168363;NA;NA;NA;NA
1017;NA;NA;NA;NA;NA;NA;NA;NA;0.000158262;0.011236632;0.000722695;0.052034058;NA;NA;NA;NA
1388;0.000318222;0.079555391;0.00909099;2.281838591;-0.01613867;4.050806068;-0.000682505;-0.182000276;0.000414367;0.102763112;0.006522208;1.624029807;-0.01730181;3.0296744;0.000271922;0.056234828
1392;0.000166843;0.041710654;0.008229277;2.065548421;-0.01525008;3.827769994;-8.94927E-05;-0.063868759;0.000498868;0.123719349;0.00481005;1.197702471;-0.016902287;2.471705129;0.000150152;-0.030495924
1394;0.000418549;0.104637342;0.007364;1.84836406;-0.013627837;3.420587086;5.06146E-07;0.030659326;0.000322348;0.079942304;0.005775292;1.438047751;-0.013843494;2.579703435;0.000141871;0.077615795
1398;4.22178E-05;0.010554443;0.003741133;0.939024304;-0.007736184;1.941782096;-0.000211841;-0.028023263;3.43567E-05;0.008520467;0.002941762;0.732498688;-0.007144393;1.282155788;1.34319E-05;0.001138425
1402;0.000306248;0.076255712;0.001821009;0.455252249;-0.002600525;0.650131235;6.20677E-05;0.01546652;0.000192126;0.047647357;0.001182166;0.294359361;-0.002391258;0.637762157;0.000310653;0.096169156
1405;0.00018552;0.046380062;0.001241573;0.311634737;-0.002391346;0.600227927;-5.48121E-05;-0.029874656;0.000142736;0.035398629;0.000587848;0.146374229;-0.002053739;0.394262345;0.000226537;0.053048064
1409;0.000153941;0.038485324;0.000547298;0.137371691;-0.001644887;0.412866646;-3.75848E-05;-0.012585277;0.00010262;0.025449713;0.000279079;0.069490567;-0.001128623;0.149836382;0.000154025;0.034551786
1415;7.85153E-05;0.019628833;0.000437931;0.10992057;-0.000917317;0.230246501;2.09556E-05;0.006128399;0.00010723;0.026593131;0.000224578;0.055919933;-0.000931306;0.133028834;0.000151438;0.022304298
1418;4.85173E-05;0.012129332;0.001316004;0.3303169;-0.002761304;0.69308728;-5.98282E-05;-0.008026013;0.000138997;0.034471376;0.00075696;0.188483071;-0.002352179;0.462244098;0.000125055;0.010181191
1422;0.000359726;0.089931607;0.008360856;2.09857487;-0.014784168;3.71082626;-0.000471555;-0.08587339;0.000401812;0.099649478;0.00655354;1.631831546;-0.015747656;2.918080942;0.000349818;0.071057172
1426;9.06408E-05;0.022660191;0.003404589;0.854551858;-0.00600676;1.507696752;-0.000242831;-0.056964353;0.000188386;0.046719612;0.00223977;0.557702678;-0.006457834;1.099873148;0.000124173;0.014236433
1430;0.000646612;0.161653095;0.008903746;2.234840251;-0.018297071;4.592564845;-0.00070122;-0.137280352;-0.000146572;-0.036349969;0.003973442;0.989387084;-0.020562411;2.159929844;-0.000426054;0.079136725
1433;0.000122545;0.029655885;0.002049204;0.497956457;NA;NA;NA;NA;0.00012475;0.03106285;0.001750886;0.437721617;-0.001820152;0.840581712;9.10398E-05;0.044658388
1434;0.000462023;0.111809675;0.004769182;1.158911259;NA;NA;NA;NA;0.000281555;0.070107237;0.005068416;1.267104091;-0.004724864;2.112430894;0.000520105;0.106004606
1435;0.00026488;0.064100925;0.003461233;0.841079523;NA;NA;NA;NA;0.000240191;0.059807601;0.003704893;0.92622327;-0.003247992;1.550135593;0.000277973;0.070543709
1436;-5.27865E-06;-0.001324942;0.008478286;2.136528029;-0.015831283;3.989483266;-0.001239124;-0.283463611;0.000965865;0.240500316;0.005468066;1.367016463;-0.017033068;2.663578668;-0.000399436;-0.029818546
1439;0.000198069;0.047932654;0.007335427;1.782508857;NA;NA;NA;NA;0.00027201;0.068002438;0.005253814;1.318707254;-0.008345173;2.657250259;0.000195856;0.015663333
1440;NA;NA;NA;NA;NA;NA;NA;NA;0.00044469;0.111172556;0.005454024;1.368960128;-0.007863568;2.38284802;-2.49763E-05;-0.001422748
1441;NA;NA;NA;NA;NA;NA;NA;NA;0.000181866;0.045284563;0.004113073;1.028268151;-0.003127715;0.831124695;9.65755E-05;0.039592668
1442;NA;NA;NA;NA;NA;NA;NA;NA;0.000645008;0.160606979;0.008550024;2.137506029;-0.007002069;3.054005013;1.29826E-05;0.002145656
1443;NA;NA;NA;NA;NA;NA;NA;NA;0.000980874;0.245218492;0.005917497;1.485291659;-0.006207238;2.665297504;-0.000431267;-0.150137128
1444;NA;NA;NA;NA;NA;NA;NA;NA;0.000506605;0.126651238;0.005970847;1.498682507;-0.014443515;2.613382561;0.000465289;0.15513605
1445;NA;NA;NA;NA;NA;NA;NA;NA;0.000421184;0.105295956;0.004381279;1.099701117;-0.008334938;2.147350003;-0.000800751;-0.148267841
1446;NA;NA;NA;NA;NA;NA;NA;NA;0.000301522;0.075380476;0.001766467;0.443383249;-0.005077354;1.092809502;-3.18717E-05;0.007412621
1447;NA;NA;NA;NA;NA;NA;NA;NA;0.000105942;0.026485612;0.001114809;0.27981717;-0.001833625;0.515826709;-0.000131918;-0.040223238
1448;NA;NA;NA;NA;NA;NA;NA;NA;0.000198708;0.049677082;0.001261045;0.316522329;-0.00371554;0.703558153;0.00037502;0.079635014
1449;NA;NA;NA;NA;NA;NA;NA;NA;0.000204279;0.03963018;0.001104977;0.215470487;NA;NA;NA;NA
1451;NA;NA;NA;NA;NA;NA;NA;NA;0.000179327;0.044831838;0.001482893;0.372206178;-0.002427903;0.673551949;-0.000118217;-0.031119131
1452;NA;NA;NA;NA;NA;NA;NA;NA;-8.73103E-06;-0.002182757;0.000786232;0.197344227;-0.000752434;0.339141732;7.1758E-05;0.018647471
1453;NA;NA;NA;NA;NA;NA;NA;NA;0.000196654;0.049163577;0.000783309;0.196610584;-0.001247234;0.353339562;0.000124444;0.040605567
1456;NA;NA;NA;NA;NA;NA;NA;NA;9.21376E-05;0.023034397;0.000658683;0.165329443;-0.000703683;0.295100726;0.000134607;0.019479011
1459;0.00026488;0.064100925;0.003461233;0.841079523;NA;NA;NA;NA;0.00023923;0.059807601;0.003701879;0.929171646;-0.003257686;1.5561767;0.000281262;0.069497666
1460;0.000552003;0.138000768;0.007756635;1.94691532;-0.01377183;3.456729234;0.000139624;0.119072628;0.000211377;0.052632958;0.005042699;1.2606747;-0.014654654;2.556315552;0.00027971;0.102776857
1462;0.000240235;0.059818495;0.006589194;1.647298456;-0.00740347;1.850867562;-0.001395237;-0.320559102;0.000169058;0.042095368;0.000962147;0.240536821;-0.01886867;0.71801866;0.000712054;0.125270024
1463;-0.000128206;-0.03205158;0.001622468;0.407239508;-0.003381632;0.848789649;-0.000110145;-0.017779418;0.000160411;0.039942401;0.000968297;0.242074264;-0.002138569;0.663062358;-0.000122829;-0.029371016
1464;5.1005E-05;0.012751239;0.000181435;0.045540068;-0.00046293;0.11619553;5.58327E-05;0.01429548;8.29255E-05;0.02064845;0.000144026;0.036006562;-0.000357526;0.061020279;5.60411E-05;0.012652693
1465;3.64941E-05;0.009123524;0.003576337;0.897660644;-0.006619367;1.661461091;-9.00645E-05;-0.002565781;0.000241166;0.060050233;0.002134558;0.533639621;-0.006553334;1.182364932;-5.9935E-05;0.003285927
1467;0.000105405;0.024664697;0.014337311;3.369268073;-0.022464833;5.279235751;-0.001436422;-0.402943686;0.000530992;0.123190091;0.006303803;1.468786133;-0.029292205;3.563371468;-0.00081249;-0.171395737
1468;0.000419145;0.09808003;0.008448122;1.985308589;-0.013552305;3.184791688;-0.001606927;-0.306703643;0.000757256;0.175683315;0.004208778;0.980645364;-0.018014371;2.190040063;0.000477855;0.067449036
1469;0.000330096;0.077242512;0.012482125;2.933299317;-0.02055913;4.831395438;-0.004101363;-0.916596869;0.000977872;0.226866359;0.009552493;2.225730787;-0.023096536;4.188522108;4.12673E-05;0.057519806
1470;0.000241197;0.060299185;0.008781482;2.204151939;-0.015011708;3.767938605;-0.000709654;-0.192221778;0.000646856;0.161067025;0.006723324;1.680830985;-0.016138274;3.123529473;-3.87324E-05;0.041542635
1472;0.000576375;0.144093643;0.007862195;1.973410861;-0.013634344;3.422220368;-0.000126893;0.012080963;0.000598531;0.149034286;0.005363785;1.340946316;-0.014593699;2.65064815;-0.00014704;0.100380926
1478;6.32517E-05;0.015812921;0.000242658;0.060907237;-0.000460602;0.115611081;5.88456E-05;0.014183649;9.78331E-05;0.024360442;0.000193903;0.048475694;-0.000476436;0.079283636;8.39034E-05;0.015621172
1482;4.21221E-05;0.010530519;0.004969821;1.247424964;-0.008762668;2.199429553;-0.000497314;-0.129299216;0.000413945;0.103072185;0.003896709;0.974177302;-0.009049345;1.761450435;1.44346E-05;-0.008212542
1484;-1.56966E-05;-0.003924138;0.001499293;0.376322433;-0.002560964;0.642801996;-2.01593E-05;0.006598402;0.000139398;0.034710149;0.001016327;0.254081795;-0.002514959;0.546134605;1.34719E-05;-0.000695619
1486;0.000105705;0.026426306;0.000450803;0.113151561;-0.000808971;0.203051622;2.28796E-05;0.001364877;6.914E-05;0.01721585;0.000219791;0.054947688;-0.00084655;0.130378187;7.67491E-05;0.029438051
1491;0.000280534;0.070133425;0.009480219;2.379534884;-0.017202091;4.317724934;-0.000702505;-0.18654394;0.001047108;0.260729926;0.006970274;1.742568559;-0.017595529;3.183439991;0.00033119;0.065183439
1494;0.00036176;0.090440055;0.008515758;2.137455341;-0.014844482;3.725964903;-0.000471265;-0.127878695;0.000746513;0.185881717;0.00632233;1.580582559;-0.015933707;2.98803439;9.40083E-05;0.059140227
1496;9.00963E-05;0.022524067;0.003839607;0.963741393;-0.006240808;1.566442857;-0.000312693;-0.070099326;0.000240915;0.059987746;0.003243716;0.81092902;-0.006403249;1.461395912;5.24324E-05;0.019494105
1499;0.000193179;0.048101499;0.001559832;0.38995804;-0.002880475;0.720118689;-1.06992E-05;-0.000336929;0.000222414;0.055158787;0.000846392;0.210751584;-0.00327477;0.483568554;0.000332917;0.053707632
1501;0.000165909;0.041311307;0.003032242;0.758060531;-0.005046879;1.261719665;2.46544E-05;0.0323939;0.000251326;0.062328957;0.002595748;0.646341211;-0.004982305;1.153825255;0.000187222;0.039827981
1503;0.000250274;0.062318301;0.002661674;0.665418494;-0.005250764;1.312691094;2.46182E-05;0.012473649;8.07061E-05;0.020015112;0.002333401;0.58101687;-0.004596751;1.000590363;0.00023478;0.060385822
1505;0.00045181;0.112500671;0.007018771;1.754692693;-0.012829316;3.207328988;-0.000175708;0.051650565;0.000668061;0.165679167;0.005640385;1.404455855;-0.013598367;2.494427543;0.000189815;0.113716091
1507;0.000232751;0.057955083;0.003589845;0.89746115;-0.0072144;1.803600033;-8.17386E-06;0.005928656;0.00024842;0.061608081;0.0031063;0.773468709;-0.006169173;1.434412532;0.000221664;0.055432881
1509;2.95931E-05;0.007368694;0.002584485;0.646121145;-0.003816873;0.954218138;4.15288E-05;0.019677291;-7.32738E-06;-0.001817191;0.002739984;0.682256022;-0.003876813;1.180610665;2.66387E-05;0.000450496
1511;9.43047E-05;0.023481872;0.000731485;0.182871371;-0.001059211;0.264802707;3.63813E-05;0.010629852;9.51686E-05;0.023601812;0.000424451;0.105688363;-0.001392038;0.246284031;9.72694E-05;0.02191823
1512;-0.000366702;-0.091308762;0.008720055;2.180013644;-0.014042542;3.510635515;0.000673286;0.189287937;-0.000723329;-0.179385542;0.007062405;1.758538822;-0.014845067;3.229478072;-0.000285916;-0.093485604
1514;0.000109507;0.027267126;0.002395857;0.598964203;-0.004422211;1.105552666;2.6613E-05;-0.005120899;5.49158E-05;0.013619128;0.002010775;0.500683056;-0.004212981;0.932337885;7.13701E-05;0.029497709
1611;NA;NA;NA;NA;NA;NA;NA;NA;6.98958E-05;0.017334157;0.000450231;0.112107544;-0.001282808;0.217262507;0.000133233;0.029696327
1612;NA;NA;NA;NA;NA;NA;NA;NA;0.000645993;0.1602063;0.006616788;1.647580146;-0.01312885;2.925588026;0.000557054;0.072797524
1613;NA;NA;NA;NA;NA;NA;NA;NA;0.000491521;0.121897327;0.003772745;0.939413521;-0.008934669;1.880985126;0.000262878;0.091264089
1614;NA;NA;NA;NA;NA;NA;NA;NA;0.000180362;0.044729745;0.001341133;0.333942095;-0.003099722;0.673537589;0.000100927;0.020932252
1615;NA;NA;NA;NA;NA;NA;NA;NA;0.000171916;0.042635057;0.000867498;0.216007005;-0.002203385;0.507238904;2.9762E-06;-0.003688758
1616;NA;NA;NA;NA;NA;NA;NA;NA;0.000132282;0.032805832;0.000212052;0.05280088;-0.000429648;0.124123806;3.05674E-05;0.00984275
1617;NA;NA;NA;NA;NA;NA;NA;NA;0.000310531;0.077011662;0.002206958;0.549532424;-0.005016131;1.062169675;0.000183104;0.02073609
1618;6.47649E-05;0.015673104;0.000734077;0.178380813;-0.001534433;0.372867196;4.35143E-05;0.012063268;0.000121611;0.030159608;0.000446821;0.111258391;-0.001356697;0.266460524;7.94389E-05;0.016244327
1619;0.000295235;0.072037449;0.005336929;1.307547521;-0.008755335;2.145057142;-0.000187263;-0.046120785;0.000380918;0.094467597;0.00236546;0.588999566;-0.009252954;1.677921462;-0.000285708;0.022299242
1620;0.000244515;0.059661751;0.00391396;0.958920214;-0.006139507;1.504179283;4.64291E-05;0.011397866;0.0001858;0.046078488;0.003800695;0.946373087;-0.005850966;1.641396447;0.000324824;0.067640504
1621;-3.66488E-05;-0.008905659;0.001362587;0.332471107;-0.003213533;0.784102059;3.10666E-05;0.010258395;0.000442677;0.109783922;0.002776503;0.6913493;-0.002792538;0.813792394;-3.30683E-05;-0.015671862
1622;0.000470653;0.117663267;0.008780711;2.203958488;-0.01540489;3.866627489;-0.0004272;-0.081219613;0.000668051;0.165676678;0.006428148;1.60060886;-0.01658789;3.01143875;0.00011324;0.067722823
1623;-3.57244E-06;-0.000893111;0.001526598;0.383176157;-0.002807791;0.704755611;-1.55572E-05;0.008939989;0.000130895;0.032462076;0.000824886;0.205396505;-0.002225583;0.544950175;4.17407E-05;0.011392077
1624;0.000123973;0.030993314;0.003354553;0.841992798;-0.006103354;1.531941915;-0.000132548;-0.041350968;0.000271928;0.067438163;0.002142835;0.533565869;-0.006357865;1.080708004;3.92753E-05;0.016087006
1625;0.0002164;0.054100007;0.003338646;0.838000082;-0.006037669;1.515454822;0.000155315;0.039322805;0.000350684;0.087320405;0.003002151;0.750537764;-0.005981811;1.13952259;0.000189317;0.065802518
1626;0.000289896;0.072473908;0.008532944;2.14176901;-0.016805994;4.218304476;-0.000407095;-0.061996261;0.000343053;0.085420203;0.005282075;1.320518702;-0.017079476;2.545264678;-0.000480014;0.044359934
1627;0.000278333;0.069583143;0.006178559;1.550818332;-0.013111539;3.290996166;0.000297009;0.144212718;0.0002413;0.060083595;0.00428127;1.070317411;-0.012116362;1.974258517;1.97983E-05;0.05193469
1630;0.000236586;0.059146425;0.008563936;2.149548025;-0.016166281;4.057736551;-0.000412363;-0.070176063;0.000277638;0.069131847;0.006361479;1.590369854;-0.015794304;2.869888203;-3.19206E-05;0.067730299
1632;0.000797935;0.177141497;0.005644742;1.258777381;NA;NA;NA;NA;0.000230353;0.057357867;0.00459592;1.148980045;-0.010228295;2.095432452;0.000743384;0.20181771
1633;0.000527835;0.131958646;0.008404835;2.109613704;-0.015261593;3.830659729;-0.001051085;-0.244849978;0.000177585;0.044218667;0.00508714;1.271784918;-0.015559079;2.580473389;0.000531959;0.097255901
1634;-2.56611E-06;-0.000641528;0.001368539;0.343503173;-0.002010543;0.504646296;2.89188E-05;0.016342256;0.000120203;0.029930666;0.000878401;0.21960032;-0.002022098;0.509280827;-1.74714E-05;0.002576492
1635;6.55499E-06;0.001638747;0.00138739;0.348234993;-0.002444958;0.613684553;6.07737E-05;0.024647713;0.000129193;0.032168971;0.000885563;0.22139068;-0.002091876;0.513198069;-1.59499E-05;0.004416096
1636;7.53645E-05;0.018841137;0.000523777;0.13146809;-0.000752333;0.188835551;9.44117E-05;0.027956213;0.000144407;0.035957346;0.00037601;0.094002613;-0.000758532;0.200469836;8.12607E-05;0.023815463
1639;0.000107024;0.026755879;0.002389248;0.599701172;-0.004581255;1.149894883;0.000227359;0.058407436;0.000227071;0.056540571;0.001947182;0.48679543;-0.004518248;0.820732008;0.000192585;0.022164346
1640;2.42111E-05;0.006052764;0.000420558;0.105560075;-0.000705055;0.176968784;2.94457E-05;0.00858476;0.000108226;0.026948163;0.000350868;0.087716985;-0.000831766;0.147513747;5.30157E-05;0.004866386
1641;9.12953E-05;0.022823814;0.003423138;0.859207519;-0.006565966;1.648057446;-0.000138652;-0.025077115;0.000170425;0.042435893;0.001822213;0.455553327;-0.006958078;0.961901563;-0.000147648;0.007306148
1642;0.000135606;0.033901552;0.005501223;1.380806956;-0.010764915;2.701993608;-0.000159236;-0.064807504;0.000186827;0.046520016;0.003342386;0.835596502;-0.010807607;1.640941796;-0.000711897;0.01776082
1643;0.000456154;0.114038497;0.008448574;2.120591989;-0.015323654;3.846237116;-0.000580785;-0.098156022;0.000483384;0.120362696;0.0049654;1.241350041;-0.017037442;2.444240082;-2.78454E-05;0.094523458
1644;7.99988E-05;0.0199997;0.001629433;0.408987709;-0.002447751;0.614385384;0.000178758;0.05002049;0.000212003;0.052788865;0.001047595;0.261898869;-0.002535096;0.600512159;4.23925E-05;0.015589967
1645;6.87201E-05;0.017180023;0.00033358;0.083728592;-0.000543026;0.136299646;6.60478E-05;0.016912184;0.000119443;0.029741256;0.000228144;0.057035876;-0.000712173;0.103348601;8.02658E-05;0.016305147
1646;NA;NA;NA;NA;NA;NA;NA;NA;0.000108588;0.027038483;0.005446705;1.361676344;-0.012424668;2.414031135;0.000369334;0.128515885
1647;0.000190416;0.047603924;0.002217433;0.556575623;-0.004373965;1.097865149;0.000379543;0.127883277;0.00043413;0.108098337;0.002332097;0.583024299;-0.004407009;0.727074156;4.45772E-05;0.044876638
1648;0.000382576;0.09564394;0.009092256;2.282156199;-0.015209188;3.817506158;-0.000503272;-0.118317359;0.000399952;0.099588055;0.00677662;1.694155086;-0.016957175;3.141209007;0.000288125;0.074163107
1649;1.49225E-05;0.003730637;0.001934697;0.485608972;-0.00288599;0.724383517;-2.97447E-05;0.009140354;0.000168804;0.042032089;0.000907411;0.226852703;-0.002647927;0.699750508;4.42569E-05;0.018945462
1650;4.61359E-05;0.011533975;0.000685059;0.171949892;-0.000947094;0.237720471;5.88325E-05;0.017980372;0.000139313;0.034689046;0.000592324;0.148081066;-0.001140782;0.294042737;6.30695E-05;0.016002527
1651;0.000204691;0.051172693;0.003758857;0.943473053;-0.005771084;1.448542053;-0.000279278;-0.062654141;0.000198096;0.049326007;0.00236551;0.591377548;-0.006008369;1.258901813;0.000166154;0.043215587
1652;NA;NA;NA;NA;NA;NA;NA;NA;-0.000259401;-0.031387473;0.005081757;0.619974368;NA;NA;NA;NA
1653;NA;NA;NA;NA;NA;NA;NA;NA;9.30282E-05;0.011256408;0.0002181;0.02660825;NA;NA;NA;NA
1654;9.37582E-05;0.023439554;0.000735186;0.184531692;-0.000852182;0.21389771;8.72735E-05;0.024325181;0.000156958;0.039082616;0.000786683;0.196670844;-0.000958997;0.370784554;9.6483E-05;0.025267089
1655;4.70077E-05;0.01175192;0.000686858;0.17240134;-0.000835931;0.209818696;8.29492E-05;0.02338009;0.000175333;0.043657991;0.00102738;0.256845003;-0.000907428;0.404074289;5.39417E-05;0.011647758
1656;0.000406428;0.101606886;0.008656238;2.172715746;-0.015160585;3.805306881;-0.000582312;-0.116304408;0.000637691;0.158784973;0.006621199;1.655299726;-0.016470932;3.053908927;-0.000169883;0.079109638
1659;0.00017151;0.04287754;0.015104361;3.791194578;-0.028634614;7.187288025;-0.001349899;-0.336046652;0.00044336;0.110396673;0.011796216;2.949054099;-0.023703006;5.493808809;0.000744024;0.056169339
1662;0.000332768;0.083191912;0.009858535;2.474492227;-0.017780798;4.462980404;-0.000735591;-0.139473194;0.000591708;0.14733522;0.005574565;1.393641374;-0.018295315;3.029997276;0.000289823;0.060288997
1665;4.51518E-05;0.01128796;0.000359192;0.090157217;-0.000614683;0.154285404;4.74153E-05;0.013143397;9.85338E-05;0.024534923;0.000227219;0.056804803;-0.000647686;0.114497797;5.16351E-05;0.011378215
1668;0.000133271;0.033317838;0.004041066;1.014307581;-0.006537421;1.640892552;-9.8345E-05;0.015290533;-0.000118779;-0.029575873;0.002400631;0.600157794;-0.007667889;1.288809194;0.000401309;0.062492496
1671;0.000122034;0.030508568;0.000769834;0.19322827;-0.00104996;0.263539915;3.60611E-05;0.007368275;0.000163306;0.040663252;0.000326699;0.081674859;-0.001182316;0.250825038;0.000108003;0.028795176
1674;-4.0453E-05;-0.010113257;0.001863525;0.467744806;-0.00278195;0.698269397;-3.68321E-05;0.009120515;0.000182926;0.04554867;0.001335566;0.333891547;-0.002505942;0.75033172;-3.27883E-05;-0.008021718
1677;0.000181781;0.045445249;0.004719652;1.184632582;-0.009349643;2.346760337;-0.000108168;-0.036552025;6.04811E-05;0.015059794;0.002938903;0.734725663;-0.010002665;1.394981714;-3.09039E-05;0.006002828
1680;1.48711E-05;0.003717777;0.001423779;0.357368627;-0.002761394;0.693109834;-3.88761E-05;0.003423136;0.000125352;0.031212725;0.000975394;0.243848417;-0.002552407;0.515906098;3.31305E-06;0.004612176
1683;6.32424E-05;0.015810606;0.002406964;0.604147902;-0.004887575;1.226781331;-4.42308E-05;-0.023289895;9.91191E-05;0.024680662;0.001501384;0.375346055;-0.005136055;0.703540283;-0.000179303;2.25631E-05
1686;9.59343E-05;0.023983585;0.003641621;0.914046879;-0.006179268;1.550996279;-0.000221231;-0.045493467;0.000354362;0.088236117;0.002235462;0.558865565;-0.006660066;1.215864619;-6.24491E-05;0.015398534
1689;0.000204881;0.051220299;0.005469495;1.372843316;-0.009516375;2.388610196;-0.00033306;-0.086475523;0.00044383;0.110513651;0.003847033;0.961758171;-0.010395001;1.857239254;-9.73674E-05;0.03167859
1692;0.000460599;0.115149637;0.007806319;1.959386052;-0.013802;3.464301984;1.79E-05;0.050209039;0.000651376;0.162192547;0.006334034;1.583508552;-0.014875484;2.826921261;0.000405075;0.083200997
1693;0.000509941;0.127485206;0.01035827;2.599925847;-0.019009886;4.771481426;-0.000345204;-0.092466452;0.000700505;0.174425683;0.006227172;1.556793039;-0.01904268;3.225349553;0.000438648;0.112162278
1694;4.02877E-05;0.010071931;0.000414278;0.103983755;-0.000690766;0.173382343;4.01088E-05;0.011453972;0.000102051;0.025410639;0.000216721;0.054180284;-0.000765493;0.123785369;5.29793E-05;0.010815368
1695;0.000119812;0.029952952;0.000775107;0.194551901;-0.001068654;0.268232164;5.64693E-05;0.010583412;0.000168269;0.041898915;0.000329253;0.082313295;-0.001172877;0.253775231;0.00010288;0.031721457
1696;-2.63563E-05;-0.006589069;0.001882174;0.472425677;-0.002820842;0.708031246;-2.77841E-05;0.006584054;0.00019202;0.047812893;0.0013529;0.338224981;-0.002540252;0.764981645;-1.75808E-05;-0.004684649
1697;0.000395889;0.098576378;0.008671696;2.167923921;-0.016498741;4.124685202;-0.001094318;-0.267047142;0.001083203;0.269717517;0.004326644;1.081661067;-0.016215463;2.64060713;0.000642889;0.22458385
2011;0.000765476;0.19060347;0.01211546;3.028865096;-0.023564034;5.891008531;-0.000154032;-0.046309515;-0.000249424;-0.062106469;0.00799507;1.998767467;-0.024322064;3.961934977;0.00017717;0.0850646
2155;NA;NA;NA;NA;NA;NA;NA;NA;NA;NA;NA;NA;NA;NA;NA;NA
2156;NA;NA;NA;NA;NA;NA;NA;NA;NA;NA;NA;NA;NA;NA;NA;NA
2157;NA;NA;NA;NA;NA;NA;NA;NA;NA;NA;NA;NA;NA;NA;NA;NA
2158;0.000346368;0.086591934;0.009758097;2.449282275;-0.017560522;4.407691027;-0.000617914;-0.115546812;0.000701237;0.174608042;0.005588266;1.397066576;-0.017539161;3.022637979;0.000305423;0.049071483
2159;0.00054565;0.13641255;0.007547871;1.894515741;-0.013697897;3.438172191;-0.000119413;-0.006961345;0.000964187;0.240082532;0.005394201;1.348550166;-0.014110758;2.577949969;0.000194686;0.104995084
2160;0.000299086;0.074771595;0.004870746;1.222557149;-0.008898239;2.233457977;-0.00019528;-0.06820792;0.000636667;0.15852998;0.003347045;0.836761234;-0.009331472;1.619900423;9.35134E-05;0.054037183
2161;1.39942E-05;0.003498546;0.000286389;0.071883591;-0.000542926;0.136274535;4.23532E-06;0.002487369;6.49412E-05;0.016170369;0.000224251;0.056062742;-0.000572739;0.095904655;1.15655E-05;0.003599522
2162;0.000118732;0.029683098;0.002841081;0.713111342;-0.004922266;1.235488788;-5.23147E-05;0.006499914;0.000411955;0.102576691;0.001730078;0.432519572;-0.005005798;0.960363479;-6.17201E-06;0.02240587
2163;0.000161166;0.040291463;0.007249211;1.819551904;-0.013464717;3.379643976;-0.000125826;-0.028753323;0.000276212;0.068776841;0.003420729;0.85518234;-0.01471669;1.927783429;-0.000777786;-0.018439934
2164;1.66453E-05;0.004161329;0.00037456;0.094014538;-0.000635392;0.159483269;2.17908E-05;0.006985235;8.0582E-05;0.020064924;0.000241326;0.060331591;-0.000734564;0.121871734;2.13107E-05;0.004017312
2165;0.000164952;0.041237994;0.000460099;0.115484759;-0.000874813;0.219577961;0.000112108;0.022830746;0.000125867;0.031340825;0.000212799;0.053199813;-0.00086482;0.12988247;0.00015606;0.037760623
2166;0.000338641;0.08466022;0.006577508;1.650954557;-0.013679613;3.433582934;-0.000613388;-0.138807814;-0.000137596;-0.03426128;0.004431599;1.107899797;-0.013251731;2.02153571;0.000349374;0.067996857
2167;0.000370722;0.092680482;0.005723507;1.436600375;-0.012235858;3.071200286;-0.00025591;-0.034935057;0.000104899;0.026119945;0.0034112;0.852800098;-0.011889438;1.766789155;0.000498224;0.088074833
2168;NA;NA;NA;NA;NA;NA;NA;NA;9.63018E-05;0.023979136;0.000168176;0.042043928;-0.000240885;0.072512924;5.33317E-05;0.015407623
2169;0.000396678;0.099169434;0.006016564;1.510157439;-0.011399305;2.861225605;5.24708E-05;0.080036811;-0.000173743;-0.043261988;0.005250446;1.312611474;-0.0110035;2.158117795;0.000268214;0.108094648
2170;0.000452209;0.113052358;0.005283389;1.326130658;-0.009569683;2.401990444;-6.24065E-05;0.035702216;7.67736E-05;0.019116626;0.004493044;1.123261104;-0.009595077;1.893491973;0.000573078;0.101991246
2171;0.00031326;0.078315108;0.004570537;1.147204876;-0.009394309;2.357971496;-4.05983E-05;0.063695759;6.72771E-05;0.016751988;0.004364224;1.091055983;-0.008454385;1.776003277;0.000367921;0.089652123
2172;-8.0341E-06;-0.002008526;0.001510089;0.379032303;-0.002449243;0.614760072;-2.2754E-05;0.002478744;0.000129527;0.032252333;0.000889702;0.222425421;-0.002476378;0.515421574;1.94162E-05;0.009203841
2173;9.48594E-05;0.023714838;0.001399482;0.35126997;-0.002441639;0.61285132;0.000104093;0.029587213;0.000178386;0.044418032;0.000864685;0.21617125;-0.001919508;0.517943468;0.000111192;0.038439715
2174;4.56105E-05;0.011402632;0.002042603;0.51269327;-0.003833772;0.962276704;-4.51599E-05;-0.004198108;8.1359E-05;0.01952615;0.00115021;0.27720054;-0.003951822;0.571094502;-7.99981E-05;-0.026806283
2175;0.000112192;0.028047923;0.002005411;0.503358208;-0.003575378;0.897419788;1.51285E-05;0.009942177;4.26148E-05;0.010611087;0.001244468;0.311117083;-0.00377248;0.619561059;4.88746E-05;0.023399697
2176;9.93973E-05;0.02484933;0.005410041;1.357920233;-0.011389348;2.858726309;-0.000450184;-0.122356717;-0.000186912;-0.046540999;0.003780579;0.94514481;-0.009432652;1.812617941;-2.99588E-05;-0.026501141
2177;6.39886E-05;0.015997142;0.001987188;0.49878415;-0.003141056;0.788404997;-0.000252295;-0.053120583;-7.0727E-05;-0.017611021;0.001925187;0.481296872;-0.003072029;0.835187045;4.92274E-05;0.012455075
2178;0.000513935;0.128483835;0.006923734;1.73785716;-0.013243455;3.324107165;-0.000357361;-0.028703831;0.000445253;0.110868021;0.005695101;1.423775235;-0.013050542;2.505383142;0.000456403;0.102663234
2179;0.000578091;0.144522652;0.008704753;2.184893039;-0.015138322;3.79971884;-0.000466385;-0.137510237;0.000770788;0.191926103;0.006785915;1.696478795;-0.015888051;3.120405027;0.000241845;0.119221804
2184;0.000113982;0.028495593;0.002430705;0.610107036;-0.004882808;1.225584749;-8.78151E-05;-0.02031345;0.000156638;0.039002765;0.001759372;0.439842896;-0.004836612;0.776992753;2.69325E-05;0.013439531
2185;0.000270765;0.067691212;0.004143584;1.040039673;-0.007918938;1.987653417;-0.000219045;-0.011933498;0.000219595;0.054679178;0.003115891;0.778972673;-0.007825384;1.425490937;9.07807E-05;0.03845318
2186;0.000713727;0.178431696;0.008668563;2.175809401;-0.015045062;3.776310616;3.23449E-05;0.005006286;0.000923403;0.229927269;0.007763823;1.940955722;-0.01697871;3.041113961;0.000888751;0.141809148
2187;0.000695067;0.173766777;0.008569353;2.150907671;-0.014764867;3.705981509;4.58278E-05;0.022617141;0.000922108;0.229604899;0.007038697;1.759674211;-0.016956735;2.88231687;0.000790993;0.135903749
2188;0.000517028;0.129257015;0.00740895;1.859646384;-0.014086216;3.535640291;-0.000357839;-0.047649153;-0.000196923;-0.049033812;0.005319558;1.329889394;-0.01446406;2.483511323;0.00045405;0.1250586
2191;0.000296285;0.07407136;0.007530093;1.890053411;-0.011520288;2.891592348;-0.003045304;-0.576548479;0.000154447;0.038457325;0.004489455;1.122363755;-0.016273718;2.165372996;-0.000596122;-0.017537567
2192;3.93339E-05;0.009833484;0.00077673;0.194959205;-0.001295851;0.325258588;6.13911E-05;0.017393359;0.000109789;0.027337407;0.000675289;0.168822259;-0.001251536;0.292454131;4.94139E-05;0.012720914
2193;0.000374374;0.093593441;0.008790021;2.206295219;-0.015354363;3.853945064;-0.000241732;-0.042928078;0.000611857;0.136444099;0.00666275;1.492456067;-0.017931261;2.530175917;0.000393134;0.091783911
2194;0.000372791;0.093197875;0.005118721;1.284798958;-0.008485956;2.129974897;-0.000253369;-0.050449076;0.000383856;0.085983854;0.003548738;0.798466095;-0.008626925;1.549092678;-2.51532E-05;0.06585768
2195;7.76068E-05;0.019401705;0.000880507;0.221007324;-0.0018238;0.457773705;-3.38345E-05;0.011136892;0.000139635;0.03127827;0.00084638;0.190435516;-0.00105754;0.357048789;6.85552E-05;0.014446036
2196;8.51458E-05;0.021286457;0.000481489;0.120853644;-0.001065245;0.267376487;9.62585E-05;0.024081246;6.34832E-05;0.014220231;0.000283806;0.063856349;-0.000963886;0.125314645;8.24338E-05;0.018188679
2704;0.000962129;0.240532329;0.016102656;4.041766773;-0.025404492;6.376527469;-0.001661293;-0.463324941;0.000591716;0.144378814;0.011982445;2.935698996;-0.02829426;5.70024973;0.001315765;0.343882666
2705;3.5562E-05;0.008890512;0.000254477;0.063873714;-0.00059563;0.149503069;4.40055E-05;0.011661666;6.16843E-05;0.015050961;0.001220977;0.299139247;-0.000530606;0.35362352;3.28377E-05;0.008071085
2706;5.60022E-05;0.014000548;0.007622554;1.913260957;-0.018333087;4.601604775;0.000323321;0.09484727;0.000144041;0.035145994;0.003213909;0.787407775;-0.019089777;1.591635221;-0.003881614;-0.084751143
2707;9.64902E-05;0.024122555;0.013737392;3.448085452;-0.023964055;6.014977856;-0.000155957;-0.039854288;0.000311889;0.076100993;0.006294647;1.542188551;-0.027049688;3.699082439;-0.000551799;-0.175752899
2708;0.00060545;0.151362474;0.003543941;0.889529154;-0.005859598;1.470759149;-0.000286432;-0.127753189;0.000173895;0.04243026;0.00316399;0.775177564;-0.007233261;1.327000034;0.000471618;0.15632084
2709;0.000489841;0.122460169;0.010662952;2.676400985;-0.020685863;5.19215155;1.25473E-05;0.014275652;7.65347E-05;0.018674469;0.005739367;1.406144896;-0.022820122;2.929150714;-4.00253E-05;0.002128999
2710;-0.000161554;-0.040388412;0.016728396;4.198827341;-0.027211344;6.830047405;-0.000108865;-0.010368383;0.000810561;0.197776781;0.006910695;1.693120375;-0.033971728;4.325746924;-0.001915982;-0.21615713
2711;0.000137371;0.034342655;0.008886805;2.23058815;-0.016981974;4.26247541;-0.000594403;-0.129358425;0.001008118;0.245980859;0.013251906;3.24671707;-0.018718646;4.677348546;6.61085E-05;-0.039865033
2712;0.000292441;0.07311017;0.00766518;1.923960064;-0.011742531;2.947375269;-0.000785221;-0.200577046;0.000488671;0.11923577;0.006461223;1.582999599;-0.012634188;2.942222305;0.000664365;0.119268989
2713;0.000144484;0.036121099;0.003274836;0.821983718;-0.005073793;1.273522098;-3.68554E-05;-0.005591798;-0.000131591;-0.032108168;0.005971991;1.463137803;-0.005862114;1.993725433;0.00019304;0.044445987
2714;0.000714035;0.178508865;0.01150289;2.887225458;-0.022117568;5.551509458;-0.000703214;-0.140701093;0.000431146;0.105199731;0.007026266;1.721435216;-0.025301082;3.278839846;-0.000129552;0.126840538
2715;0.000640351;0.160087658;0.008974804;2.252675901;-0.017137729;4.30157;-0.000463393;-0.09795257;0.000443413;0.108192884;0.011666112;2.85819744;-0.019140264;4.104329055;0.000568624;0.129963968
2716;0.000193992;0.048498032;0.002677154;0.671965769;-0.005321855;1.335785573;0.000228884;0.023954866;9.32967E-05;0.022764394;0.001883935;0.461564064;-0.005436572;0.86845086;0.00018814;0.041251614
2717;0.000114543;0.028635783;0.00260317;0.653395718;-0.005154863;1.293870655;0.000154659;0.009386424;1.13533E-05;0.002770217;0.001754492;0.429850549;-0.005291754;0.824056444;0.000167588;0.018874968
2718;0.000463695;0.11592366;0.008638735;2.168322393;-0.015075765;3.784016891;-0.000465599;-0.086738462;0.000707216;0.172560615;0.008717056;2.135678747;-0.01636046;3.476897674;0.000235427;0.106603761
2719;0.000235611;0.058902686;0.010277348;2.579614294;-0.018265137;4.584549307;-0.000644477;-0.149836704;0.000609563;0.148733295;0.008582591;2.102734753;-0.017971994;3.704555654;0.000224675;0.026735409
2720;3.66002E-05;0.009150039;0.000248333;0.062331619;-0.000592425;0.148698721;4.77064E-05;0.013273157;6.18086E-05;0.015081294;0.00123343;0.302190291;-0.000531028;0.355728131;3.71479E-05;0.007937217
2721;9.65961E-05;0.024149017;0.000737119;0.18501675;-0.001137233;0.285445465;2.36732E-05;0.009390812;0.00016645;0.04061391;0.002478118;0.607138876;-0.001348875;0.751316623;0.000103493;0.006661783
2726;0.000143676;0.035919032;0.002016138;0.506050763;-0.00378497;0.950027368;-4.4327E-05;-0.004759071;0.000167438;0.040854765;0.001827927;0.447842123;-0.004056109;0.763009465;0.00014803;0.019780568
2727;0.000196419;0.049104831;0.003015218;0.756819644;-0.005490682;1.378161255;-0.000103586;-0.017179966;0.000243729;0.059469994;0.002831577;0.693736266;-0.00607828;1.16358503;0.000170917;0.026849646
2728;0.000207539;0.051884835;0.0034685;0.87059342;-0.006373135;1.599657008;-0.000144903;-0.019107503;0.000270987;0.066120901;0.003255944;0.797706243;-0.007036916;1.332898561;0.000175748;0.026921709
2729;0.00022213;0.055532549;0.003897538;0.97828194;-0.007170352;1.799758227;-0.000176511;-0.033177368;0.000292138;0.071281594;0.003622939;0.887620064;-0.007933962;1.486869601;0.000189152;0.019705877
2730;0.000231286;0.057821529;0.00432019;1.084367653;-0.007943655;1.993857385;-0.000198518;-0.035558903;0.000314427;0.076720235;0.004002927;0.980717153;-0.008821177;1.641473138;0.000183639;0.025654122
2731;0.000251158;0.062789432;0.004678771;1.17437153;-0.008599854;2.158563403;-0.000185448;-0.047116212;0.000337122;0.08225766;0.004378079;1.072629464;-0.009565231;1.787083782;0.000181583;0.035631284
2732;0.00052288;0.130720042;0.008769257;2.201083586;-0.015531245;3.898342506;-0.000387263;-0.099034321;0.000777211;0.18963958;0.009614081;2.355449871;-0.016700058;3.727029209;0.000370297;0.126657289
2733;7.47909E-05;0.018697714;0.001789964;0.449280998;-0.00323682;0.812441801;6.89461E-06;0.020902438;0.000179914;0.043898968;0.001774743;0.434812075;-0.002816787;0.771226494;7.79783E-05;0.023748442
2734;0.000180364;0.045091075;0.003235204;0.812036314;-0.005836314;1.464914796;-0.000118768;-0.033094037;0.000297399;0.072565239;0.003073976;0.753124138;-0.006259156;1.263931796;3.89667E-05;0.032144816
2735;0.000291127;0.072781761;0.004814022;1.208319647;-0.008649054;2.170912431;-0.000244006;-0.064543533;0.000434143;0.105930783;0.004803025;1.176741099;-0.009254034;1.927014093;0.000115774;0.064324436
2736;0.000643927;0.160981863;0.006555204;1.645356088;-0.012145297;3.048469616;8.48447E-05;0.021082329;0.000400866;0.097811186;0.005701634;1.396900331;-0.012487676;2.412953506;0.000531961;0.153990035
2846;0.00079769;0.199422541;0.0087948;2.207494722;-0.015985793;4.012434035;0.000229232;0.097763037;0.000719899;0.179254793;0.006305474;1.576368611;-0.018164616;2.754735318;0.000715814;0.139858513
2847;0.000265126;0.066281424;0.008924562;2.240065003;-0.016472485;4.134593667;-0.000597863;-0.110709867;0.000845269;0.210471865;0.005653463;1.413365708;-0.017682544;2.718220907;6.89525E-05;0.01752037
2848;6.84944E-05;0.017123596;0.001239144;0.311025041;-0.00206845;0.519180893;3.22755E-05;0.020002126;0.000180442;0.044929951;0.00081695;0.204237523;-0.001918349;0.458087169;8.74903E-05;0.01695602
2849;0.000106004;0.026501088;0.000283997;0.071283215;-0.000586087;0.147107748;6.32123E-05;0.014176156;0.000126149;0.031411056;0.00019223;0.048057504;-0.000604006;0.0929657;0.000107156;0.026169247
2850;0.000514746;0.128686605;0.005910327;1.483491989;-0.01098253;2.756615121;0.000150229;0.003117205;0.000587288;0.146234788;0.005455235;1.363808859;-0.010931452;2.346998319;0.000600732;0.148089659
2851;0.000323092;0.080773054;0.007023915;1.763002734;-0.014070765;3.531762105;-0.00024928;-0.101664522;0.000485564;0.120905455;0.004917421;1.229355135;-0.013125765;2.342553338;0.000426842;0.098662506
2852;0.000408995;0.102248743;0.003930011;0.986432712;-0.007093626;1.780500111;7.61666E-05;0.021538848;0.000402938;0.100331605;0.002351527;0.587881693;-0.007811347;1.152073366;0.000471851;0.061206725
2853;0.000578086;0.144521517;0.00590031;1.480977886;-0.011170394;2.803769019;0.000234655;0.064440824;0.00066746;0.166197633;0.004221806;1.055451452;-0.012166911;1.829223822;0.000536916;0.111067774
2854;0.000328283;0.082070695;0.00939777;2.358840386;-0.019041394;4.779389934;-0.001625769;-0.434639805;0.000422183;0.10512358;0.004984132;1.246032976;-0.019499947;2.66502993;0.000599951;0.098884154
2855;0.000561069;0.140267265;0.009206882;2.310927465;-0.015871153;3.983659301;-0.000511988;-0.135159209;0.000695991;0.17330169;0.006441534;1.610383517;-0.019391323;2.813985012;0.000647607;0.091047857
2856;0.001176129;0.294032284;0.015781736;3.96121575;-0.025869337;6.493203538;-0.001326655;-0.333054776;0.000265175;0.066028464;0.013002873;3.250718215;-0.026392229;6.07209362;0.001589566;0.381610278
2857;0.000658175;0.164543682;0.01073918;2.69553427;-0.020875324;5.239706238;-0.0001076;-0.099779652;0.000633308;0.157693642;0.007532016;1.88300411;-0.021385724;3.494334563;0.000768033;0.138375108
2858;0.000201464;0.050365997;0.007896752;1.982084854;-0.015203483;3.816074299;-0.000570945;-0.151123038;0.000130809;0.032571347;0.000222505;0.055626242;-0.01684748;1.56697575;-0.00029775;-0.184071641
2859;0.000450522;0.112630397;0.010840298;2.720914713;-0.01757776;4.412017681;-0.000324888;-0.07568498;3.31275E-05;0.008248756;0.005519534;1.379883553;-0.018345828;3.426243481;0.001152848;0.340011478
2860;3.20866E-05;0.00802164;0.000370303;0.092946063;-0.000686949;0.172424147;2.9131E-05;0.009438386;0.00011022;0.027444676;0.000320544;0.08013599;-0.000778458;0.131419754;3.36699E-05;0.007643914
2861;0.000151139;0.037784665;0.010539324;2.645370308;-0.022009037;5.524268365;-2.5961E-05;0.064334271;0.000489262;0.121826193;0.007224916;1.80622908;-0.022700514;3.131799454;-0.000529329;-0.04789887
2862;0.000427046;0.106761612;0.012155297;3.050979559;-0.022082184;5.542628247;-0.000813076;-0.171873955;0.000586677;0.14608255;0.006994756;1.748689119;-0.025011608;3.494267751;-0.000101711;0.025256751
2863;0.000220372;0.055092938;0.007567387;1.899414258;-0.01452878;3.646723699;9.33183E-05;0.039471034;-0.000182883;-0.045537987;0.005818325;1.454581133;-0.014152856;2.737946939;-5.66432E-05;0.026931245
2864;0.000797541;0.199385285;0.008350538;2.095985099;-0.016168753;4.058357043;0.000502419;0.136224781;0.000927998;0.231071473;0.006551445;1.637861157;-0.017990719;2.639972071;0.000712369;0.179295869
2865;6.68249E-05;0.016706236;0.000568919;0.14279874;-0.001111528;0.278993461;-4.20208E-05;-0.007409318;5.14583E-05;0.012813107;0.00039927;0.099817603;-0.001073554;0.198185704;6.58189E-05;0.014378186
2866;3.2452E-05;0.00811301;0.002131512;0.535009636;-0.003291899;0.826266543;-0.000176131;-0.028342189;5.67002E-05;0.01411836;0.001256271;0.314067791;-0.003017416;0.79619712;0.000113407;0.031114168
2867;0.001731667;0.432916683;0.016443495;4.127317317;-0.029264743;7.345450526;-6.45559E-05;-0.030190484;-0.000750801;-0.186949564;0.010088176;2.522044053;-0.033264856;5.061471131;0.000778109;0.361217352
2868;-0.000127167;-0.031791872;0.014506494;3.641130057;-0.026257085;6.590528272;-0.001424775;-0.307011085;0.000474409;0.118127791;0.011469364;2.867340962;-0.022578545;5.32103997;0.000326208;0.018550176
2869;0.000503785;0.125946346;0.008528258;2.1405927;-0.015711828;3.943668723;-0.000371693;-0.069580544;0.000342989;0.085404157;0.006031214;1.507803568;-0.016374767;2.857008402;0.000103015;0.079621775
2871;4.47616E-05;0.011190399;0.002370514;0.594998958;-0.003612244;0.906673286;0.000200205;0.068700899;0.000242635;0.060416066;0.001287331;0.321832723;-0.004635333;0.786256826;0.000159102;0.015550267
2873;0.000803527;0.200881755;0.008986027;2.255492833;-0.015769486;3.958140889;-0.000294171;-0.065231384;0.000726644;0.180934233;0.00569916;1.424789894;-0.016978667;3.06433559;0.000391189;0.174875952
2875;0.000336965;0.084241326;0.009184654;2.305348236;-0.014957408;3.754309315;-6.97046E-05;-0.038114968;0.000941108;0.234335781;0.005391934;1.34798357;-0.019140751;2.639730734;0.000476563;0.002078237
2877;6.00039E-05;0.015000963;0.000373115;0.093651958;-0.000493807;0.123945595;5.78977E-05;0.015325611;0.00013337;0.033209125;0.000344926;0.086231583;-0.000589394;0.171525529;6.20253E-05;0.014255354
2879;8.91037E-05;0.022275919;0.002666456;0.669280498;-0.006062213;1.521615485;-4.55703E-05;-0.00134705;0.000110266;0.027456336;0.001162494;0.290623388;-0.006273291;0.647453922;-4.61233E-05;-0.028232566
2881;0.000289754;0.072438439;0.007886362;1.979476758;-0.014709445;3.692070759;7.35318E-05;0.084479189;2.13829E-05;0.005324342;0.004562904;1.140725884;-0.016353788;2.242898813;0.000146525;0.001839499
2883;7.32433E-05;0.018310823;0.001328332;0.333411211;-0.001803661;0.452718794;5.58139E-05;0.017104721;0.000192461;0.047922737;0.00105896;0.264740048;-0.001550386;0.619796696;4.23014E-05;0.006998907
2885;-0.000625079;-0.15626967;0.011440603;2.871591248;-0.018351686;4.606273156;0.000829324;0.230496753;-0.001108928;-0.276123081;0.010113658;2.528414494;-0.019680806;4.444571865;-0.000616031;-0.15418922
2887;0.000789209;0.197302169;0.009358104;2.348883996;-0.016242194;4.076790577;3.53766E-05;-0.038022484;0.000545753;0.13589244;0.006353209;1.588302341;-0.017660025;3.14189987;4.99631E-05;0.158801463
3131;-1.41119E-05;-0.003513868;0.001627119;0.40677969;-0.002552527;0.638131773;7.0829E-05;0.027863367;5.51582E-05;0.013734383;0.000978576;0.244644113;-0.00282452;0.58964063;7.73479E-06;-0.001014108
3132;0.000114738;0.028569802;0.000652496;0.163123968;-0.000905131;0.226282769;5.59204E-05;0.018176006;0.000169876;0.042299217;0.000474799;0.118699787;-0.001076233;0.243208311;0.000122464;0.028907052
3135;0.000400778;0.099793719;0.006850702;1.712675579;-0.012837874;3.209468467;0.00021323;0.114242005;0.000277111;0.06900054;0.005176062;1.294015485;-0.012033173;2.470452469;0.000162407;0.052988372
3136;0.00041126;0.102403792;0.008142624;2.035656093;-0.014696943;3.674235718;-0.000322389;-0.041029142;0.000537187;0.133759625;0.00669617;1.674042462;-0.01430217;3.070674675;0.000269021;0.101239806
3137;0.000179342;0.044656139;0.004478087;1.119521831;-0.008193012;2.048253075;-0.000185926;-0.03806779;0.000300499;0.074824366;0.003688717;0.922179213;-0.00763996;1.736630761;0.000132795;0.037332901
3138;0.000195013;0.048558352;0.008404452;2.101113046;-0.016047311;4.011827813;-9.58692E-05;-0.04333143;2.47143E-05;0.006153866;0.004593221;1.148305323;-0.015922093;2.494011391;-0.000684594;-0.026064283
3139;8.15435E-05;0.020304338;0.004066128;1.016532001;-0.008098156;2.024538938;-7.68064E-05;0.067673649;-0.00032091;-0.079906712;0.003205244;0.80131102;-0.006208056;1.52771978;-1.38302E-05;0.011064296
3140;0.000117357;0.029221992;0.00070314;0.175785045;-0.000940335;0.235083729;6.83975E-05;0.02006261;0.00010411;0.025923389;0.000684973;0.171243249;-0.001131229;0.283298714;0.000127662;0.030211092
3141;2.08132E-05;0.005182497;0.001025094;0.2562735;-0.001551229;0.387807204;8.12907E-05;0.023341807;0.000173608;0.043228397;0.000825377;0.206344215;-0.001433342;0.446699878;1.54435E-05;0.002757346
3142;9.18835E-05;0.022878982;0.000520354;0.130088557;-0.000907019;0.226754785;6.79474E-05;0.020506241;0.000150421;0.037454748;0.000410199;0.102549799;-0.00099298;0.194654648;9.20099E-05;0.022988907
3143;0.000158942;0.039576579;0.002790956;0.697739064;-0.005385865;1.346466311;-2.38409E-05;0.025681171;0.000251663;0.062664039;0.002390648;0.597662048;-0.004492143;1.131056916;0.000121672;0.037444859
3144;0.000658111;0.163869532;0.008196185;2.049046241;-0.014755179;3.688794665;0.000228283;0.099796457;0.000402933;0.100330261;0.00605869;1.514672435;-0.014146675;2.983759782;0.000207397;0.150196512
3145;0.000196373;0.048896808;0.008819256;2.204813953;-0.015585433;3.896358168;-0.000648624;-0.112148015;0.000583839;0.145376016;0.007237467;1.809366659;-0.015447305;3.324371177;2.94422E-05;0.035081428
3146;4.7247E-05;0.011764494;0.001014951;0.253737671;-0.002675154;0.668788462;0.000151843;0.04721843;0.000165931;0.041316747;0.001165031;0.291257662;-0.001779692;0.474862151;1.80211E-05;0.010348877
3147;0.000110429;0.0274968;0.000632049;0.158012222;-0.000996947;0.249236823;8.56021E-05;0.021399834;0.00017878;0.0445163;0.000847601;0.211900359;-0.001119229;0.288442589;0.000125928;0.026416316
3151;0.000329657;0.082414347;0.0077368;1.941936825;-0.01442902;3.621684014;-0.000622536;-0.182379925;0.000667732;0.166265162;0.006009112;1.502277959;-0.01490558;2.718788925;0.00020446;0.071082538
3152;0.000460586;0.115146488;0.006999929;1.756982146;-0.011783594;2.957682192;-0.000279107;-0.063948572;0.00030207;0.075215344;0.004205357;1.051339357;-0.011670981;2.313717803;0.000343431;0.099292208
3153;-5.06088E-05;-0.012652202;0.001777291;0.446100103;-0.002836033;0.711844222;-8.42573E-05;-0.004384007;0.000138456;0.034475637;0.000960434;0.240108595;-0.002725035;0.632711903;2.05797E-05;-0.008079056
3154;4.46271E-05;0.011156764;0.000179943;0.045165654;-0.000373228;0.093680259;6.32777E-05;0.015427096;8.93295E-05;0.022243043;0.000207067;0.051766732;-0.000342265;0.069753392;4.51493E-05;0.010703215
3155;4.87386E-05;0.012184659;0.002786525;0.699417788;-0.004929855;1.237393529;-0.000168953;-0.051743622;0.000202768;0.050489227;0.00177137;0.442842573;-0.005385335;0.89826842;-2.12051E-05;0.009420143
3156;-6.62662E-05;-0.016566538;0.004526977;1.136271337;-0.008486303;2.130061955;-0.000611049;-0.178530083;0.000251816;0.06270225;0.003335185;0.833796338;-0.008897473;1.242671255;0.000211737;0.029508221
3157;0.000363025;0.088578202;0.007392816;1.811239828;-0.012331176;3.021138151;-0.000794055;-0.247350395;0.000725744;0.175630017;0.003752962;0.91196979;-0.014192065;2.201293611;0.000547744;0.139366755
3158;0.000126781;0.030934498;0.012742741;3.121971444;-0.020703601;5.072382365;-0.000542339;-0.205752665;0.000360265;0.087184082;0.006356514;1.544632798;-0.026764299;3.43137734;3.82904E-05;-0.057118384
3159;NA;NA;NA;NA;NA;NA;NA;NA;0.000174136;0.034304804;0.004438513;0.878825489;NA;NA;NA;NA
3160;0.000385072;0.093957457;0.002766457;0.677782067;-0.00431934;1.05823834;-0.000625204;-0.137393826;0.000179616;0.043467126;0.001245742;0.30271522;-0.005440583;0.774565324;0.000471416;0.105380931
3161;NA;NA;NA;NA;NA;NA;NA;NA;0.000286013;0.068643063;0.008038213;1.937209387;-0.014974257;3.22331723;0.0012898;0.280992728
3162;0.00087107;0.212541042;0.010789175;2.643347765;-0.017948838;4.39746535;-0.001112307;-0.331654719;0.000253486;0.061343502;0.006442246;1.565465678;-0.020803526;3.329840639;0.000704957;0.1285613
3163;5.95027E-05;0.014399643;0.016955515;4.12019006;-0.027764706;6.74682357;-0.001841705;-0.49401485;0.000379412;0.089920645;0.010522817;2.504430373;-0.033083283;4.979591053;-0.000401418;-0.165129199
3164;4.39502E-05;0.010987543;0.002240358;0.562329742;-0.003998574;1.003642148;-0.000231559;-0.058788075;0.000189133;0.047094177;0.001491626;0.372906561;-0.004343924;0.740090145;9.99795E-06;0.009120801
3165;0.000494665;0.123666137;0.009589975;2.407083769;-0.017439945;4.377426317;-0.000760279;-0.248983886;0.000531787;0.131883131;0.007527888;1.874444004;-0.018405101;3.335494232;8.37144E-05;0.112943011
3166;0.000895678;0.223919447;0.00752827;1.889595824;-0.013607158;3.415396603;-0.000263737;-0.107867565;-0.000109786;-0.027226813;0.006382379;1.589212421;-0.013777581;2.719673701;0.000829614;0.215233835
3167;0.000399253;0.099813243;0.005462746;1.371149146;-0.009869901;2.477345082;-0.000368328;-0.088320582;0.00014239;0.035312622;0.004690639;1.167969218;-0.010232236;1.94355992;0.000413967;0.098545137
3168;1.55794E-05;0.003894844;0.00138969;0.348812131;-0.001972352;0.495060265;2.19847E-06;0.013675722;0.000133039;0.032993669;0.000783588;0.195113518;-0.001876711;0.516951835;2.34728E-05;0.008186848
3169;4.6813E-05;0.011703244;0.000430082;0.107950506;-0.000647776;0.162591715;7.16185E-05;0.01897395;0.000128713;0.031920807;0.00044688;0.111273152;-0.000844256;0.171188636;4.16482E-05;0.01173375
3170;0.000138831;0.034707854;0.003693787;0.927140527;-0.006452447;1.619564211;-0.000267247;-0.084310866;0.000282607;0.070086549;0.002427937;0.604556277;-0.006991753;1.213799042;7.62371E-05;0.026242386
3172;2.65278E-05;0.006631952;0.007521146;1.887807589;-0.01636121;4.106663786;2.46543E-05;0.080394746;0.001060846;0.263089691;0.004552325;1.133529036;-0.016000334;2.223085675;-4.85815E-05;-0.028851781
3173;0.000739333;0.18483326;0.006811523;1.709692279;-0.012654482;3.176274924;-2.7901E-05;0.057223207;6.36446E-05;0.015783868;0.006013605;1.497387748;-0.012662534;2.495731448;0.000760478;0.194238304
3174;0.000500653;0.125163143;0.00898008;2.254000018;-0.016119502;4.045994985;-0.000600769;-0.177355068;0.000429574;0.106534323;0.007084594;1.764063798;-0.017323663;3.167478334;0.000138267;0.10476472
3176;0.000366269;0.091567194;0.008988377;2.256082508;-0.017581543;4.41296726;-0.000348292;-0.125272029;0.000806861;0.200101641;0.00548056;1.364659421;-0.01813409;2.800081558;0.000468581;0.112551794
3177;5.54409E-05;0.013860236;0.000399052;0.100161994;-0.000649412;0.163002508;6.987E-05;0.018477235;0.000125677;0.031167835;0.000374894;0.093348562;-0.000819296;0.147589424;4.87556E-05;0.013502366
3178;1.49813E-05;0.003745323;0.001389125;0.34867034;-0.0020515;0.514926547;1.0621E-05;0.005639577;0.000128726;0.031924135;0.000847596;0.211051287;-0.002035328;0.529528341;5.18063E-05;0.008584243
3180;-0.000101393;-0.02534837;0.001276839;0.320486479;-0.003737502;0.93811308;-0.000157814;-0.014189598;9.24759E-05;0.022934017;0.001655883;0.412314943;-0.002349278;0.549505683;-6.38395E-05;-0.01410994
3181;0.000308553;0.076829579;0.007952726;1.988181404;-0.016493926;4.123481589;0.000291228;0.104032436;0.000397557;0.098594255;0.003446601;0.858203762;-0.018445269;1.94650627;-0.00027877;0.019447258
3186;0.000715177;0.178794216;0.00954458;2.395689645;-0.018402714;4.619081125;-0.000602504;-0.150440336;0.000278197;0.068992871;0.005239098;1.304535411;-0.019735933;2.696890118;0.001073125;0.157606703
3188;0.000506293;0.126573208;0.006903058;1.732667623;-0.014408025;3.616414268;-2.96148E-06;9.1597E-05;0.000352186;0.08734201;0.003536017;0.880468204;-0.015008706;1.890050224;0.000305438;0.110520817
3194;0.000318824;0.079387271;0.002711422;0.677855544;-0.006406558;1.601639543;0.000139957;0.039272769;9.38504E-05;0.023274906;0.001269415;0.316084261;-0.006259081;0.716845804;0.00037412;0.136946054
3197;0.00016857;0.041973826;0.006726356;1.681589093;-0.013773268;3.443316915;-8.03283E-05;0.027740562;0.000521097;0.129232124;0.003795063;0.944970667;-0.014040878;1.983747454;0.000245903;0.047916506
3199;0.000306788;0.076696938;0.008503324;2.13433441;-0.015205959;3.816695731;-0.000451925;-0.05647815;0.000389108;0.096887889;0.00623962;1.559904937;-0.015921069;2.929198016;-4.33134E-05;0.042146095
3200;0.000171557;0.042889242;0.005191671;1.303109368;-0.01105762;2.775462521;-0.000239179;-0.032496604;0.000162478;0.04045695;0.003102898;0.775724602;-0.010709247;1.531721304;-0.00021159;0.020607428
3201;8.04501E-05;0.020112536;0.000271704;0.068197587;-0.000489351;0.122827013;4.58359E-05;0.012751422;0.000106877;0.026612292;0.00019508;0.048770064;-0.000499303;0.096931436;7.47793E-05;0.019274712
3202;0.000579209;0.144802248;0.006653866;1.670120266;-0.012632151;3.170669875;0.000215842;0.153258821;9.64807E-05;0.024023695;0.004605646;1.151411556;-0.012362602;2.243529523;0.000575439;0.115585556
3203;0.000128614;0.032153385;0.001607043;0.403367864;-0.002910119;0.730439915;-5.49719E-05;0.000489378;0.000174631;0.043483087;0.000630565;0.157641159;-0.002494369;0.501302372;0.000137702;0.01504269
3204;0.000135724;0.033930924;0.003119857;0.783084091;-0.005812518;1.458941963;-0.000151789;-0.02356911;0.000188046;0.046823409;0.00222148;0.555369997;-0.005951926;1.055065783;0.000110903;0.01329843
3205;-6.12193E-06;-0.001530482;0.00273663;0.686894063;-0.004917268;1.234234297;0.000230954;0.081763467;-2.59763E-05;-0.006468108;0.002005719;0.501429833;-0.005396477;0.860489329;-7.03055E-05;-0.023425978
3206;2.58065E-05;0.006451635;0.007353654;1.845767227;-0.013337298;3.347661756;0.000164552;-0.018793894;0.00051221;0.127540339;0.003195651;0.798912786;-0.014929372;1.880268902;-0.000903485;-0.123957515
3207;6.4851E-05;0.016212748;0.003633264;0.911949211;-0.006858456;1.721472434;0.000103434;-0.005493792;0.000202733;0.050480417;0.001499644;0.374910999;-0.007758352;0.870676776;-8.41812E-05;-0.039350718
3208;1.71386E-05;0.004284656;0.004392741;1.102578046;-0.008029375;2.015373203;-0.000252766;-0.073064347;7.8258E-05;0.019486233;0.00204696;0.511739989;-0.00911447;1.168765932;-0.000157574;-0.048771384
3209;NA;NA;NA;NA;NA;NA;NA;NA;6.0297E-05;0.015013953;0.001004519;0.251129769;-0.001136604;0.382182569;-0.000107133;-0.026465751
3210;0.000153439;0.038359636;0.001022414;0.256625994;-0.0016785;0.421303537;3.75985E-05;0.006690363;0.000139585;0.034756578;0.000383456;0.095864116;-0.001986176;0.266738349;8.403E-05;0.025358241
3306;0.000300204;0.075050994;0.008677116;2.177956111;-0.015438777;3.875133103;-0.000254738;-0.009531438;0.000756685;0.188414472;0.006735634;1.683908582;-0.016349335;3.075273268;0.000169809;0.032544497
3307;0.000421531;0.105382698;0.007476712;1.876654727;-0.013703471;3.439571199;0.00029702;0.104852646;0.000513435;0.127845361;0.005120436;1.280108977;-0.01422744;2.493669015;-3.12889E-05;0.069133849
3308;-0.000127215;-0.031803729;0.004775749;1.198713002;-0.009960251;2.500023073;3.35465E-05;0.006275648;0.000571576;0.14232249;0.004409255;1.102313868;-0.010834505;1.579466928;-6.20753E-05;-0.040436357
3309;-1.11242E-06;-0.000278106;0.003827738;0.960762246;-0.008040933;2.018274175;0.000127263;0.079098096;0.000405312;0.100922587;0.002967614;0.741903406;-0.007516655;1.314476711;-0.000144384;0.001027982
3310;8.25439E-06;0.002063597;0.001172448;0.294284492;-0.001986857;0.498700982;1.70901E-05;0.008815209;8.51415E-05;0.021200236;0.000645914;0.161478391;-0.001379852;0.461740998;2.89987E-05;0.008710833
3311;6.14586E-05;0.015364657;0.000549398;0.137898784;-0.000928104;0.232954193;2.55738E-05;0.00868351;0.000130669;0.032536566;0.000273423;0.068355709;-0.001244281;0.148908969;9.0029E-05;0.014233212
3312;3.24322E-05;0.008108057;0.003239568;0.81313148;-0.006377051;1.600639832;9.94895E-05;0.069782748;0.000336624;0.083819377;0.002426175;0.606543831;-0.006454608;1.12778947;2.5476E-05;-0.000268462
3313;0.000231265;0.057816363;0.004830691;1.212503453;-0.009608373;2.411701548;0.000348892;0.129833221;0.000479399;0.119370249;0.005240347;1.310086662;-0.009589676;2.08004516;0.00016635;0.053138435
3314;0.000444508;0.111127046;0.007753932;1.94623695;-0.013073009;3.281325356;-0.001227827;-0.304917303;0.000685541;0.170699662;0.005151235;1.287808634;-0.014453767;2.48644643;0.000524923;0.088049095
3315;0.000237306;0.059326555;0.01356687;3.405284354;-0.026073435;6.544432077;-0.001687429;-0.400901218;0.001333026;0.331923564;0.010011177;2.502794229;-0.02537217;4.719942885;-0.000179064;0.049354141
3316;0.000558386;0.139596525;0.009943935;2.495927753;-0.021179667;5.316096325;-0.000892693;-0.219412212;0.000855297;0.212968845;0.006063753;1.515938189;-0.019701742;3.102873521;0.000532173;0.139436537
3317;-9.46096E-05;-0.023652393;0.008330764;2.091021743;-0.015873919;3.984353544;-0.000108124;-0.019878362;0.000176187;0.043870506;0.002834765;0.708691301;-0.01752124;2.035598459;-0.0011086;-0.108484506
3318;-2.02524E-06;-0.000506311;0.001211467;0.304078296;-0.001419772;0.356362677;3.9308E-05;0.014219041;4.88483E-05;0.012163236;0.00152462;0.381154935;-0.001225224;0.634830942;-1.08004E-05;-0.009947176
3319;NA;NA;NA;NA;NA;NA;NA;NA;-0.000199996;-0.028399475;0.003967944;0.567416017;NA;NA;NA;NA
3320;4.44889E-05;0.011122216;0.001893917;0.475373241;-0.002813472;0.706181437;1.20088E-05;-0.000978046;-5.22997E-05;-0.013022621;0.002311581;0.577895308;-0.00221239;1.020396926;5.88522E-05;0.013292877
3321;-6.75824E-05;-0.016895597;0.002706965;0.67944825;-0.003796681;0.952966825;-7.0466E-05;-0.012167833;-0.000150364;-0.037440561;0.003267321;0.81683032;-0.002965053;1.436754544;-6.79223E-05;-0.020780434
3322;0.000238472;0.059617967;0.006006254;1.507569846;-0.010113448;2.538475458;-0.000633937;-0.155894001;0.000277713;0.069150563;0.005643596;1.410898952;-0.00997757;2.608761694;0.000106476;0.059523695
3323;0.000291492;0.072873023;0.009097395;2.283446078;-0.017134035;4.300642731;-0.00111947;-0.265695724;0.000644366;0.16044702;0.00681198;1.702994913;-0.016922893;3.246631229;4.75933E-05;0.052411818
3324;0.000385856;0.096849826;0.005690371;1.433973378;-0.010762329;2.712106918;-7.96984E-05;-0.00227319;0.000445982;0.111495504;0.004327177;1.086121485;-0.010810279;1.983318814;0.00016457;0.084471831
3325;0.000197986;0.049694435;0.004222347;1.064031546;-0.006935828;1.747828721;1.86242E-05;0.009597613;-0.000106762;-0.026690492;0.002761714;0.693190217;-0.007470407;1.424475535;0.000102937;0.039060795
3326;2.07504E-05;0.005208345;0.000733266;0.184782989;-0.001034419;0.260673692;6.71787E-05;0.032175667;2.7634E-05;0.00690849;0.000477087;0.119748894;-0.000978139;0.277115255;3.06165E-05;0.007682408
3327;-6.56173E-06;-0.001646995;0.00201179;0.506971125;-0.003429632;0.864267264;3.55371E-06;0.001990449;-5.30981E-05;-0.013274531;0.002015136;0.505799151;-0.002606511;0.941023723;2.82649E-05;0.006935051
3328;-1.89627E-05;-0.004759647;0.008079896;2.036133866;-0.014752134;3.717537877;-0.000992434;-0.187533756;0.000868165;0.21704132;0.006768587;1.698915341;-0.014215037;3.029197492;-0.00011038;0.005465885
3329;1.58665E-05;0.003982482;0.001000493;0.252124111;-0.00167538;0.422195834;6.87861E-06;0.004827817;5.68281E-05;0.014207027;0.00090021;0.225952651;-0.001270366;0.43215584;4.36639E-05;0.002965429
3331;NA;NA;NA;NA;NA;NA;NA;NA;0.003766897;0.195878668;0.009665616;0.512277639;-0.010859231;0.914775653;0.003326778;0.202523261
3332;NA;NA;NA;NA;NA;NA;NA;NA;0.002364017;0.134748975;0.006207854;0.360055557;-0.033114144;1.008410532;0.004807751;0.26409042
3333;NA;NA;NA;NA;NA;NA;NA;NA;-0.000165874;-0.009454845;0.00228628;0.132604266;-0.004926334;0.24795761;0.000190417;0.059810023
3334;NA;NA;NA;NA;NA;NA;NA;NA;0.000540291;0.030796599;0.003451573;0.200191213;-0.004919012;0.332003636;5.87189E-05;0.002907017
3338;0.000365681;0.091420185;0.007620775;1.912814491;-0.013246223;3.324801972;-0.000655875;-0.179025799;0.000468563;0.116203595;0.006448628;1.605708257;-0.014565858;2.806790616;0.000130589;0.069934262
3339;0.000573522;0.143380547;0.006745154;1.693033656;-0.011675118;2.930454658;0.000127341;0.029549757;0.000324425;0.080457413;0.005010347;1.247576462;-0.012469135;2.364370166;9.48186E-05;0.113680851
3340;0.000154717;0.038679146;0.002392096;0.600416186;-0.004835959;1.213825743;-0.000171665;-0.051764104;-9.98062E-05;-0.024751929;0.002975008;0.740777037;-0.004630943;0.887196698;0.000252349;0.0426403
3341;-1.25693E-05;-0.003142332;0.001380451;0.346493147;-0.002174661;0.545840028;-0.000102027;-0.020213672;8.99013E-05;0.022295524;0.000916014;0.228087406;-0.001702676;0.572435109;-9.41484E-06;-0.005515393
3342;5.48463E-05;0.013711569;0.000379442;0.095239857;-0.000657456;0.165021347;5.47227E-05;0.014293721;6.9584E-05;0.017256834;0.000491602;0.122409017;-0.000647878;0.1747449;4.48554E-05;0.012047889
3343;5.43618E-05;0.013590454;0.001623992;0.407622103;-0.003820491;0.95894325;-0.000175914;-0.050826129;4.11894E-05;0.010214969;0.002076388;0.51702058;-0.003705239;0.72030355;6.40347E-05;0.013354929
3913;NA;NA;NA;NA;NA;NA;NA;NA;0.000259515;0.064619348;0.001513707;0.37842674;-0.001976206;0.610549038;0.000168749;0.03541797
3914;NA;NA;NA;NA;NA;NA;NA;NA;0.000128282;0.031942178;0.000400438;0.100109551;-0.0007578;0.169651317;2.96653E-05;0.005364356
3915;NA;NA;NA;NA;NA;NA;NA;NA;0.000329069;0.08193827;0.002739529;0.684882179;-0.003454505;1.095043336;0.00028479;0.074173523
4462;0.000358254;0.089563484;0.009743162;2.445533609;-0.017686449;4.439298815;-0.000639018;-0.115585264;0.000825087;0.204621597;0.005605193;1.395693026;-0.019786649;2.882921164;-2.59159E-05;0.002010434
6773;NA;NA;NA;NA;NA;NA;NA;NA;0.003088339;0.117356888;0.004756793;0.185514924;NA;NA;NA;NA
6776;0.000783461;0.170011104;0.009466486;2.063693934;NA;NA;NA;NA;0.000255882;0.063714668;0.005221266;1.305316586;-0.016809074;2.767565078;0.001078845;0.202495872
6777;7.02325E-05;0.015240454;0.008014298;1.747117067;NA;NA;NA;NA;0.000134896;0.03358908;0.004153327;1.038331837;-0.013166538;2.282540344;0.000250884;0.025614932
6778;NA;NA;NA;NA;NA;NA;NA;NA;-4.21306E-05;-0.001600961;5.52124E-05;0.002153282;NA;NA;NA;NA
6779;NA;NA;NA;NA;NA;NA;NA;NA;-4.21306E-05;-0.001600961;5.52124E-05;0.002153282;NA;NA;NA;NA
6780;NA;NA;NA;NA;NA;NA;NA;NA;-3.15916E-05;-0.00120048;5.74741E-05;0.00224149;NA;NA;NA;NA
6781;NA;NA;NA;NA;NA;NA;NA;NA;0.000253983;0.009651336;0.00092879;0.036222827;NA;NA;NA;NA
6782;NA;NA;NA;NA;NA;NA;NA;NA;-6.05839E-05;-0.002302188;6.80005E-05;0.002652021;NA;NA;NA;NA
6783;NA;NA;NA;NA;NA;NA;NA;NA;-3.15916E-05;-0.00120048;5.74821E-05;0.002241802;NA;NA;NA;NA
7505;NA;NA;NA;NA;NA;NA;NA;NA;NA;NA;NA;NA;NA;NA;NA;NA
8550;NA;NA;NA;NA;NA;NA;NA;NA;NA;NA;NA;NA;NA;NA;NA;NA
8551;NA;NA;NA;NA;NA;NA;NA;NA;NA;NA;NA;NA;NA;NA;NA;NA
8552;NA;NA;NA;NA;NA;NA;NA;NA;NA;NA;NA;NA;NA;NA;NA;NA
8553;NA;NA;NA;NA;NA;NA;NA;NA;NA;NA;NA;NA;NA;NA;NA;NA
8554;NA;NA;NA;NA;NA;NA;NA;NA;NA;NA;NA;NA;NA;NA;NA;NA
8555;NA;NA;NA;NA;NA;NA;NA;NA;NA;NA;NA;NA;NA;NA;NA;NA
8556;NA;NA;NA;NA;NA;NA;NA;NA;NA;NA;NA;NA;NA;NA;NA;NA
8557;NA;NA;NA;NA;NA;NA;NA;NA;NA;NA;NA;NA;NA;NA;NA;NA
8558;NA;NA;NA;NA;NA;NA;NA;NA;NA;NA;NA;NA;NA;NA;NA;NA
9749;NA;NA;NA;NA;NA;NA;NA;NA;NA;NA;NA;NA;NA;NA;NA;NA
